-- phpMyAdmin SQL Dump
-- version 5.2.1
-- https://www.phpmyadmin.net/
--
-- Servidor: 127.0.0.1
-- Tiempo de generación: 19-02-2026 a las 16:33:17
-- Versión del servidor: 10.4.32-MariaDB
-- Versión de PHP: 8.2.12

SET SQL_MODE = "NO_AUTO_VALUE_ON_ZERO";
START TRANSACTION;
SET time_zone = "+00:00";


/*!40101 SET @OLD_CHARACTER_SET_CLIENT=@@CHARACTER_SET_CLIENT */;
/*!40101 SET @OLD_CHARACTER_SET_RESULTS=@@CHARACTER_SET_RESULTS */;
/*!40101 SET @OLD_COLLATION_CONNECTION=@@COLLATION_CONNECTION */;
/*!40101 SET NAMES utf8mb4 */;

--
-- Base de datos: `hotel`
--

-- --------------------------------------------------------

--
-- Estructura de tabla para la tabla `atencion`
--

CREATE TABLE `atencion` (
  `id_atencion` int(11) NOT NULL,
  `id_reserva` int(11) NOT NULL,
  `id_empleado` int(11) NOT NULL,
  `fecha` date NOT NULL,
  `nota` varchar(30) NOT NULL
) ENGINE=InnoDB DEFAULT CHARSET=utf8mb4 COLLATE=utf8mb4_general_ci;

--
-- Volcado de datos para la tabla `atencion`
--

INSERT INTO `atencion` (`id_atencion`, `id_reserva`, `id_empleado`, `fecha`, `nota`) VALUES
(1, 1, 6, '2026-05-08', 'cuarto limpio'),
(2, 2, 9, '2026-03-18', 'nada fuera de lo comun'),
(3, 3, 10, '2026-07-17', 'soy batman'),
(4, 4, 7, '2026-06-10', '5 estrellas'),
(5, 5, 8, '2026-04-16', 'todo ordenado');

-- --------------------------------------------------------

--
-- Estructura de tabla para la tabla `cliente`
--

CREATE TABLE `cliente` (
  `id_cliente` int(11) NOT NULL,
  `nombre` varchar(100) NOT NULL,
  `email` varchar(100) NOT NULL,
  `telefono` varchar(15) NOT NULL,
  `fecha_registro` date NOT NULL
) ENGINE=InnoDB DEFAULT CHARSET=utf8mb4 COLLATE=utf8mb4_general_ci;

--
-- Volcado de datos para la tabla `cliente`
--

INSERT INTO `cliente` (`id_cliente`, `nombre`, `email`, `telefono`, `fecha_registro`) VALUES
(1, 'Omar Yael Ruiz Nuño', 'omaryael24@cetis107.edu.mx', '667 890 3446', '2026-02-03'),
(2, 'Adelmo Meza Castro', 'adelmo.meza24@cetis107.edu.mx', '667 456 7869', '2025-06-13'),
(3, 'Derek Medina Quintero', 'derek.medina24@cetis107', '667 448 6749', '2025-04-29'),
(4, 'Alan Fernando Alvarez Orosco', 'alan.alvarez@cetis107', '667 475 8640', '2026-03-18'),
(5, 'Nosferatu', 'nosfuraturealsi@gmail', '667 696 4545', '2026-10-31'),
(6, '[value-2]', '[value-3]', '[value-4]', '0000-00-00');

-- --------------------------------------------------------

--
-- Estructura de tabla para la tabla `empleado`
--

CREATE TABLE `empleado` (
  `id_empleado` int(11) NOT NULL,
  `id_hotel` int(11) NOT NULL,
  `nombre` varchar(100) NOT NULL,
  `puesto` varchar(20) NOT NULL,
  `email` varchar(50) NOT NULL
) ENGINE=InnoDB DEFAULT CHARSET=utf8mb4 COLLATE=utf8mb4_general_ci;

--
-- Volcado de datos para la tabla `empleado`
--

INSERT INTO `empleado` (`id_empleado`, `id_hotel`, `nombre`, `puesto`, `email`) VALUES
(6, 3, 'Alan Brito', 'Conserje', 'alanbrito777@gmail.com'),
(7, 3, 'Jonathan Joestar', 'Portero', 'jonathanjoestar1@hotmail.com'),
(8, 1, ' Pablito Clavo', 'Ingeniero', 'pablitoclavounclavito2veces@gmail.com'),
(9, 1, 'Bob Lopez', 'Conserje', 'boblopez22@gmail.com'),
(10, 2, 'Bruce Wayne', 'Recepcionista', 'brucewayne1997@gmail.com');

-- --------------------------------------------------------

--
-- Estructura de tabla para la tabla `habitacion`
--

CREATE TABLE `habitacion` (
  `id_habitacion` int(11) NOT NULL,
  `id_hotel` int(11) NOT NULL,
  `numero` int(11) NOT NULL,
  `tipo` varchar(30) NOT NULL,
  `precio_noche` double NOT NULL,
  `estado` varchar(20) NOT NULL
) ENGINE=InnoDB DEFAULT CHARSET=utf8mb4 COLLATE=utf8mb4_general_ci;

--
-- Volcado de datos para la tabla `habitacion`
--

INSERT INTO `habitacion` (`id_habitacion`, `id_hotel`, `numero`, `tipo`, `precio_noche`, `estado`) VALUES
(1, 3, 56, 'Estandar', 180, 'vigente'),
(2, 1, 89, 'VIP', 480, 'vigente'),
(3, 2, 34, 'Estandar', 200, 'vigente'),
(4, 3, 148, 'VIP', 490, 'vigente'),
(5, 2, 67, 'Estandar', 210, 'vigente');

-- --------------------------------------------------------

--
-- Estructura de tabla para la tabla `hotel`
--

CREATE TABLE `hotel` (
  `id_hotel` int(11) NOT NULL,
  `nombre` varchar(100) NOT NULL,
  `ciudad` varchar(50) NOT NULL,
  `telefono` varchar(10) NOT NULL
) ENGINE=InnoDB DEFAULT CHARSET=utf8mb4 COLLATE=utf8mb4_general_ci;

--
-- Volcado de datos para la tabla `hotel`
--

INSERT INTO `hotel` (`id_hotel`, `nombre`, `ciudad`, `telefono`) VALUES
(1, 'Rosewood San Miguel de Allende', 'San Miguel De Allende', '667 345 56'),
(2, 'The Ritz-Carlton Cancun', 'Cancun', '667 786 25'),
(3, 'Princess Mundo Imperial', 'Acapulco', '667 448 67');

-- --------------------------------------------------------

--
-- Estructura de tabla para la tabla `pago`
--

CREATE TABLE `pago` (
  `id_pago` int(11) NOT NULL,
  `id_reserva` int(11) NOT NULL,
  `fecha_pago` date NOT NULL,
  `monto` varchar(30) NOT NULL,
  `metodo` varchar(30) NOT NULL,
  `referencia` varchar(50) NOT NULL,
  `estado_pago` varchar(50) NOT NULL
) ENGINE=InnoDB DEFAULT CHARSET=utf8mb4 COLLATE=utf8mb4_general_ci;

-- --------------------------------------------------------

--
-- Estructura de tabla para la tabla `reserva`
--

CREATE TABLE `reserva` (
  `id.reserva` int(11) NOT NULL,
  `id_cliente` int(11) NOT NULL,
  `id_habitacion` int(11) NOT NULL,
  `fecha_entrada` date NOT NULL,
  `fecha_salida` date NOT NULL,
  `num_huespedes` int(11) NOT NULL,
  `estado_reserva` varchar(20) NOT NULL,
  `fecha_crecion` date NOT NULL
) ENGINE=InnoDB DEFAULT CHARSET=utf8mb4 COLLATE=utf8mb4_general_ci;

--
-- Volcado de datos para la tabla `reserva`
--

INSERT INTO `reserva` (`id.reserva`, `id_cliente`, `id_habitacion`, `fecha_entrada`, `fecha_salida`, `num_huespedes`, `estado_reserva`, `fecha_crecion`) VALUES
(1, 1, 4, '2026-04-09', '2026-05-07', 1, 'vigente', '2026-03-18'),
(2, 2, 3, '2026-02-19', '2026-03-16', 2, 'vigente', '2025-12-04'),
(3, 4, 5, '2026-06-04', '2026-09-17', 1, 'Vigente', '2026-05-23'),
(4, 3, 1, '2026-07-16', '2026-08-13', 3, 'Vigente', '2026-06-21'),
(5, 5, 2, '2026-10-31', '2026-11-12', 1, 'vigente', '2026-10-01');

-- --------------------------------------------------------

--
-- Estructura de tabla para la tabla `reserva_servicio`
--

CREATE TABLE `reserva_servicio` (
  `id_reserva` int(11) NOT NULL,
  `id_servicio` int(11) NOT NULL,
  `cantidad` varchar(50) NOT NULL,
  `precio_unitario` varchar(30) NOT NULL
) ENGINE=InnoDB DEFAULT CHARSET=utf8mb4 COLLATE=utf8mb4_general_ci;

-- --------------------------------------------------------

--
-- Estructura de tabla para la tabla `servicio`
--

CREATE TABLE `servicio` (
  `id_servicio` int(11) NOT NULL,
  `nombre` varchar(100) NOT NULL,
  `precio_base` double NOT NULL
) ENGINE=InnoDB DEFAULT CHARSET=utf8mb4 COLLATE=utf8mb4_general_ci;

--
-- Volcado de datos para la tabla `servicio`
--

INSERT INTO `servicio` (`id_servicio`, `nombre`, `precio_base`) VALUES
(2, 'Limpieza', 100),
(3, 'Desayuno', 169),
(4, 'Limpieza', 200),
(5, 'Arreglar aparatos', 400),
(6, 'BUffet', 500),
(7, '[value-2]', 0);

--
-- Índices para tablas volcadas
--

--
-- Indices de la tabla `atencion`
--
ALTER TABLE `atencion`
  ADD PRIMARY KEY (`id_atencion`),
  ADD KEY `id_reserva` (`id_reserva`),
  ADD KEY `id_empleado` (`id_empleado`);

--
-- Indices de la tabla `cliente`
--
ALTER TABLE `cliente`
  ADD PRIMARY KEY (`id_cliente`),
  ADD UNIQUE KEY `email` (`email`);

--
-- Indices de la tabla `empleado`
--
ALTER TABLE `empleado`
  ADD PRIMARY KEY (`id_empleado`),
  ADD KEY `id_hotel` (`id_hotel`);

--
-- Indices de la tabla `habitacion`
--
ALTER TABLE `habitacion`
  ADD PRIMARY KEY (`id_habitacion`),
  ADD KEY `id_hotel` (`id_hotel`);

--
-- Indices de la tabla `hotel`
--
ALTER TABLE `hotel`
  ADD PRIMARY KEY (`id_hotel`);

--
-- Indices de la tabla `pago`
--
ALTER TABLE `pago`
  ADD PRIMARY KEY (`id_pago`),
  ADD KEY `id_reserva` (`id_reserva`);

--
-- Indices de la tabla `reserva`
--
ALTER TABLE `reserva`
  ADD PRIMARY KEY (`id.reserva`),
  ADD KEY `id_cliente` (`id_cliente`),
  ADD KEY `id_habitacion` (`id_habitacion`);

--
-- Indices de la tabla `reserva_servicio`
--
ALTER TABLE `reserva_servicio`
  ADD PRIMARY KEY (`id_reserva`),
  ADD KEY `id_servicio` (`id_servicio`);

--
-- Indices de la tabla `servicio`
--
ALTER TABLE `servicio`
  ADD PRIMARY KEY (`id_servicio`);

--
-- AUTO_INCREMENT de las tablas volcadas
--

--
-- AUTO_INCREMENT de la tabla `atencion`
--
ALTER TABLE `atencion`
  MODIFY `id_atencion` int(11) NOT NULL AUTO_INCREMENT, AUTO_INCREMENT=6;

--
-- AUTO_INCREMENT de la tabla `cliente`
--
ALTER TABLE `cliente`
  MODIFY `id_cliente` int(11) NOT NULL AUTO_INCREMENT, AUTO_INCREMENT=7;

--
-- AUTO_INCREMENT de la tabla `empleado`
--
ALTER TABLE `empleado`
  MODIFY `id_empleado` int(11) NOT NULL AUTO_INCREMENT, AUTO_INCREMENT=11;

--
-- AUTO_INCREMENT de la tabla `habitacion`
--
ALTER TABLE `habitacion`
  MODIFY `id_habitacion` int(11) NOT NULL AUTO_INCREMENT, AUTO_INCREMENT=6;

--
-- AUTO_INCREMENT de la tabla `hotel`
--
ALTER TABLE `hotel`
  MODIFY `id_hotel` int(11) NOT NULL AUTO_INCREMENT, AUTO_INCREMENT=4;

--
-- AUTO_INCREMENT de la tabla `pago`
--
ALTER TABLE `pago`
  MODIFY `id_pago` int(11) NOT NULL AUTO_INCREMENT;

--
-- AUTO_INCREMENT de la tabla `reserva`
--
ALTER TABLE `reserva`
  MODIFY `id.reserva` int(11) NOT NULL AUTO_INCREMENT, AUTO_INCREMENT=6;

--
-- AUTO_INCREMENT de la tabla `reserva_servicio`
--
ALTER TABLE `reserva_servicio`
  MODIFY `id_reserva` int(11) NOT NULL AUTO_INCREMENT, AUTO_INCREMENT=3;

--
-- AUTO_INCREMENT de la tabla `servicio`
--
ALTER TABLE `servicio`
  MODIFY `id_servicio` int(11) NOT NULL AUTO_INCREMENT, AUTO_INCREMENT=8;

--
-- Restricciones para tablas volcadas
--

--
-- Filtros para la tabla `atencion`
--
ALTER TABLE `atencion`
  ADD CONSTRAINT `atencion_ibfk_1` FOREIGN KEY (`id_reserva`) REFERENCES `reserva` (`id.reserva`),
  ADD CONSTRAINT `atencion_ibfk_2` FOREIGN KEY (`id_empleado`) REFERENCES `empleado` (`id_empleado`);

--
-- Filtros para la tabla `empleado`
--
ALTER TABLE `empleado`
  ADD CONSTRAINT `empleado_ibfk_1` FOREIGN KEY (`id_hotel`) REFERENCES `hotel` (`id_hotel`);

--
-- Filtros para la tabla `habitacion`
--
ALTER TABLE `habitacion`
  ADD CONSTRAINT `habitacion_ibfk_1` FOREIGN KEY (`id_hotel`) REFERENCES `hotel` (`id_hotel`);

--
-- Filtros para la tabla `pago`
--
ALTER TABLE `pago`
  ADD CONSTRAINT `pago_ibfk_1` FOREIGN KEY (`id_reserva`) REFERENCES `reserva` (`id.reserva`);

--
-- Filtros para la tabla `reserva`
--
ALTER TABLE `reserva`
  ADD CONSTRAINT `reserva_ibfk_1` FOREIGN KEY (`id_habitacion`) REFERENCES `habitacion` (`id_habitacion`),
  ADD CONSTRAINT `reserva_ibfk_2` FOREIGN KEY (`id_cliente`) REFERENCES `cliente` (`id_cliente`);

--
-- Filtros para la tabla `reserva_servicio`
--
ALTER TABLE `reserva_servicio`
  ADD CONSTRAINT `reserva_servicio_ibfk_1` FOREIGN KEY (`id_reserva`) REFERENCES `reserva` (`id.reserva`),
  ADD CONSTRAINT `reserva_servicio_ibfk_2` FOREIGN KEY (`id_servicio`) REFERENCES `servicio` (`id_servicio`);
COMMIT;

/*!40101 SET CHARACTER_SET_CLIENT=@OLD_CHARACTER_SET_CLIENT */;
/*!40101 SET CHARACTER_SET_RESULTS=@OLD_CHARACTER_SET_RESULTS */;
/*!40101 SET COLLATION_CONNECTION=@OLD_COLLATION_CONNECTION */;
